{"cameraMode":{"drawMode":0,"name":"Shaded","section":"Shading Mode"},"sceneLighting":true,"audioPlay":false,"sceneViewState":{"m_AlwaysRefresh":false,"showFog":true,"showSkybox":true,"showFlares":true,"showImageEffects":true,"showParticleSystems":true,"showVisualEffectGraphs":true,"m_FxEnabled":true},"in2DMode":false,"pivot":{"x":5.086587905883789,"y":0.8713364601135254,"z":-1.3540493249893189},"rotation":{"x":0.06111472100019455,"y":-0.10580413043498993,"z":0.006525324657559395,"w":0.9925004839897156},"size":0.9811596870422363,"orthographic":true}