{"cameraMode":{"drawMode":0,"name":"Shaded","section":"Shading Mode"},"sceneLighting":true,"audioPlay":false,"sceneViewState":{"m_AlwaysRefresh":false,"showFog":true,"showSkybox":true,"showFlares":true,"showImageEffects":true,"showParticleSystems":true,"showVisualEffectGraphs":true,"m_FxEnabled":true},"in2DMode":false,"pivot":{"x":5.170000076293945,"y":1.4800000190734864,"z":-0.8500000238418579},"rotation":{"x":0.02016448602080345,"y":0.9617496728897095,"z":-0.07371775805950165,"w":0.26306793093681338},"size":1.7816168069839478,"orthographic":true}