{"cameraMode":{"drawMode":0,"name":"Shaded","section":"Shading Mode"},"sceneLighting":true,"audioPlay":false,"sceneViewState":{"m_AlwaysRefresh":false,"showFog":true,"showSkybox":true,"showFlares":true,"showImageEffects":true,"showParticleSystems":true,"showVisualEffectGraphs":true,"m_FxEnabled":true},"in2DMode":false,"pivot":{"x":5.170000076293945,"y":1.8500001430511475,"z":-1.3999998569488526},"rotation":{"x":0.01800863817334175,"y":0.9776732325553894,"z":-0.09414612501859665,"w":0.18701215088367463},"size":12.12435531616211,"orthographic":true}