{"cameraMode":{"drawMode":0,"name":"Shaded","section":"Shading Mode"},"sceneLighting":true,"audioPlay":false,"sceneViewState":{"m_AlwaysRefresh":false,"showFog":true,"showSkybox":true,"showFlares":true,"showImageEffects":true,"showParticleSystems":true,"showVisualEffectGraphs":true,"m_FxEnabled":true},"in2DMode":false,"pivot":{"x":16.32567596435547,"y":1.5637847185134888,"z":-1.0336798429489136},"rotation":{"x":0.020634671673178674,"y":-0.977036714553833,"z":0.11186683923006058,"w":0.18021269142627717},"size":2.1518421173095705,"orthographic":true}